1655712862-1394,https://nookipedia.com/wiki/Category:Locations,Tom Nook's store,https://nookipedia.com/wiki/Tom_Nook%27s_store,Tom Nook's store,"Tom Nook's store (also known as Tom Nook's shop or simply the shop) is a store in the Animal Crossing series owned by Tom Nook. It sells various items, such as furniture, wallpaper, flooring, and tools; Tom Nook also offers various services within the store, such as buying items from the player and giving access to the catalog. The store first appears in Doubutsu no Mori and appears in all subsequent games up to and including Animal Crossing: City Folk.",https://dodo.ac/np/images/thumb/b/bc/CF_Tom_Nook%27s_Store.png/250px-CF_Tom_Nook%27s_Store.png
1655712917-1414,https://nookipedia.com/wiki/Category:Locations,Reset Surveillance Center,https://nookipedia.com/wiki/Reset_Surveillance_Center,Reset Surveillance Center,"The Reset Surveillance Center (known as the Resetti Surveillance Center in City Folk and Resetti's Headquarters in Doubutsu no Mori e+) is a location in Doubutsu no Mori e+, Animal Crossing: City Folk, and Animal Crossing: New Leaf. Inside, Mr. Resetti and his brother, Don, live and work. In Doubutsu no Mori e+, the center is hidden under a random breakable rock. In City Folk, the center is located at the eastern end of the city, behind two traffic cones in front of the tunnel leading out of the city proper; in New Leaf, on the other hand, the facility is available as a public works project at the cost of 368,000 Bells.",https://dodo.ac/np/images/thumb/6/60/NL_Reset_Surveillance_Center_Entrance.jpg/250px-NL_Reset_Surveillance_Center_Entrance.jpg
1655712907-1410,https://nookipedia.com/wiki/Category:Locations,RV,https://nookipedia.com/wiki/RV,RV,"RVs are vehicles located in the campground in Animal Crossing: New Leaf - Welcome amiibo. Up to two RVs can be present in the campground at any one time. One of them will host a special visitor, which changes each day, or a SpotPass visitor (exclusive to Japan). The second will only be present if the player summons Wisp and scans a compatible amiibo. Only one amiibo visitor can be scanned per day.",https://dodo.ac/np/images/thumb/b/b7/NL_Campground_RV_5.png/250px-NL_Campground_RV_5.png
1655712979-1438,https://nookipedia.com/wiki/Category:Locations,Lost Lure Creek,https://nookipedia.com/wiki/Lost_Lure_Creek,Lost Lure Creek,"Lost Lure Creek is one of the four locations in Animal Crossing: Pocket Camp where collectible items can be found to trade to villagers in exchange for craft materials. River fish, as well as three fruit trees with fruit randomly selected at the start of the game, can be obtained here. Two of the trees will bear basic fruit (either Peach, Cherry, Pear, Apple, or Orange) and one three will bear local fruit (Lemon, Lychee, or Grape.)",https://dodo.ac/np/images/thumb/d/dd/Lost_Lure_Creek_PC_Map_Icon.png/250px-Lost_Lure_Creek_PC_Map_Icon.png
1655712839-1384,https://nookipedia.com/wiki/Category:Locations,Wishing well,https://nookipedia.com/wiki/Wishing_well,Wishing well,"The wishing well is a location in the Animal Crossing series that appears in Doubutsu no Mori, Animal Crossing, and Doubutsu no Mori e+. Interacting with the wishing well gives the player options, while the surrounding area acts as a hub for events.",https://dodo.ac/np/images/thumb/5/5e/PG_Wishing_Well.png/250px-PG_Wishing_Well.png
1655712881-1402,https://nookipedia.com/wiki/Category:Locations,Sunburst Island,https://nookipedia.com/wiki/Sunburst_Island,Sunburst Island,Sunburst Island is one of the four locations in Animal Crossing: Pocket Camp where collectible items can be found to trade to villagers in exchange for craft materials. Bugs and coconuts can be found here.,https://dodo.ac/np/images/thumb/f/fc/Sunburst_Island_PC_Map_Icon.png/250px-Sunburst_Island_PC_Map_Icon.png
1655712968-1435,https://nookipedia.com/wiki/Category:Locations,Museum,https://nookipedia.com/wiki/Museum,Museum,"The museum is a building in the Animal Crossing series where items can be donated. Introduced in Animal Crossing, it is an establishment for the collection and display of bugs, fish, sea creatures, artwork, and fossils. The curator, an owl named Blathers, accepts donations and assesses fossils.",https://dodo.ac/np/images/thumb/5/58/NH_Museum_Exterior_Upgrade.png/250px-NH_Museum_Exterior_Upgrade.png
1655712938-1423,https://nookipedia.com/wiki/Category:Locations,Paradise Planning,https://nookipedia.com/wiki/Paradise_Planning,Paradise Planning,"Paradise Planning is a primary location in Animal Crossing: New Horizons – Happy Home Paradise. The player can work here to design houses and facilities on the archipelago. It is run by Lottie, Niko, and Wardell, with the player working as a home designer. The Paradise Planning building is made up of 2 floors, connected by a staircase; the main floor, with Lottie's desk and a bench, and a storeroom run by Wardell. On the second floor, there are lockers for the player and all the other Paradise Planning employees, as well as tables, chairs, a hammock, and a crafting area.",https://dodo.ac/np/images/thumb/7/79/HHP_Promo_38.jpg/250px-HHP_Promo_38.jpg
1655713078-1477,https://nookipedia.com/wiki/Category:Locations,Attic,https://nookipedia.com/wiki/Attic,Attic,The attic is the top floor of the player's house in Animal Crossing: Wild World and Animal Crossing: City Folk which allows players to save the game and change settings.,https://dodo.ac/np/images/thumb/8/89/CF_Attic.png/250px-CF_Attic.png
1655712893-1407,https://nookipedia.com/wiki/Category:Locations,Sea,https://nookipedia.com/wiki/Sea,Sea,"The sea is the body of saltwater surrounding the player's town or island in the Animal Crossing series. Despite being a sea, the Animal Crossing game's sea has no tides, allowing the size of the beach to remain constant. The beach itself runs the length of the sea, with occasional breaks where outcrops lie, and where the river meets the sea. These outcrops, also known as capes, have small cliffs that separate them from the sea.",https://dodo.ac/np/images/thumb/a/a0/CF_Beach.jpg/200px-CF_Beach.jpg
1655712992-1443,https://nookipedia.com/wiki/Category:Locations,Jolly Redd's Treasure Trawler,https://nookipedia.com/wiki/Jolly_Redd%27s_Treasure_Trawler,Jolly Redd's Treasure Trawler,"Jolly Redd's Treasure Trawler is a store introduced in Animal Crossing: New Horizons' April Free Update. It is owned by Redd, replacing Crazy Redd's from prior games.",https://dodo.ac/np/images/thumb/4/4f/NH_Update_2_Redd_Ship.jpg/250px-NH_Update_2_Redd_Ship.jpg
1655712996-1444,https://nookipedia.com/wiki/Category:Locations,Hotel,https://nookipedia.com/wiki/Hotel,Hotel,"The hotel is a facility in Animal Crossing: Happy Home Designer. It is always the last facility for the player to design, and after they have done so, there will be a large ceremony and the credits will roll, beating the game.",https://dodo.ac/np/images/thumb/2/21/HHD_Hotel_1.png/250px-HHD_Hotel_1.png
1655712850-1389,https://nookipedia.com/wiki/Category:Locations,Town Tree,https://nookipedia.com/wiki/Town_Tree,Town Tree,"The Town Tree is the symbolic oak tree located at the center of the town's event plaza in Animal Crossing: New Leaf. At the beginning of the game, the player designated as mayor participates in a commemoration ceremony at the event plaza with Isabelle and the town's villagers, and they plant a tree in the square's garden so that the town can have a symbol with which it can grow simultaneously. Although it is only a sapling at first, the Town Tree grows at a steady rate based on the amount of time (in both days and hours) that the game has been played; there are six separate growth stages that it goes through before maturing – its height, diameter, and number of leaf clusters increasing each time. In addition, the player can sit on the brick edging around the tree once it reaches a certain size. This will allow them to view a list of accomplishments and statistics, as well as the game credits, while a medley of the title screen, Tortimer Island, and Main Street themes plays.",https://dodo.ac/np/images/5/55/Town_Tree_NL_Artwork.png
1655713102-1481,https://nookipedia.com/wiki/Category:Locations,Airport,https://nookipedia.com/wiki/Airport,Airport,"The Airport is a location in Animal Crossing: New Horizons where the player can travel between islands via seaplane. Dodo Airlines (often abbreviated as DAL)  is the service that operates the flights, and is run by Orville and Wilbur. Both characters are dodos, a flightless bird species that contrast with the very nature of a flight service. The Airport fulfils a similar function to the train station in Doubutsu no Mori and Animal Crossing: New Leaf, and the checkpoint of Animal Crossing: Wild World and Animal Crossing: City Folk, as well as Kapp'n's boat rides. Just as those prior buildings can be generated in one of several different colors, the town's Airport can have either blue, green, orange or yellow walls.",https://dodo.ac/np/images/thumb/6/68/Airport_NH_Artwork.png/250px-Airport_NH_Artwork.png
1655712845-1387,https://nookipedia.com/wiki/Category:Locations,Villager houses,https://nookipedia.com/wiki/Villager_houses,Villager houses,"In the Animal Crossing series, in addition to player houses, villagers each also possess their own house. They usually move onto signposts around town, except in Animal Crossing: New Leaf, where they can move in anywhere where there is sufficient space, and Animal Crossing: New Horizons, where they move into plots placed manually by the player. Each house differs in appearance slightly and is furnished differently. When a villager moves out, their house will vanish from town, leaving behind a signpost and/or a patch of bare ground.",null
1655713030-1458,https://nookipedia.com/wiki/Category:Locations,Department store,https://nookipedia.com/wiki/Department_store,Department store,"The department store is a facility in Animal Crossing: Happy Home Designer. It is part of the second group of facilities to be unlocked, along with the office, shop, and restaurant.",https://dodo.ac/np/images/thumb/0/07/HHD_Department_Store_Design_1.png/250px-HHD_Department_Store_Design_1.png
1655712931-1420,https://nookipedia.com/wiki/Category:Locations,Player house,https://nookipedia.com/wiki/Player_house,Player house,"The house is the player's personal dwelling in their town. At the beginning of each game, the player arrives to town and purchases their new home from Tom Nook through a mortgage plan. When the loan is paid off, Tom Nook offers to expand the house by increasing the room size or by adding new rooms. Each extension results in a new loan to pay for the construction.",https://dodo.ac/np/images/thumb/5/56/NH_House.png/250px-NH_House.png
1655713026-1457,https://nookipedia.com/wiki/Category:Locations,Dream Suite,https://nookipedia.com/wiki/Dream_Suite,Dream Suite,"The Dream Suite is a building in Animal Crossing: New Leaf, located on Main Street. The Suite is run by Luna, who will allow the player to visit friends' and random players' towns by dreaming.",https://dodo.ac/np/images/thumb/f/f0/NL_Dream_Suite_Exterior.jpg/250px-NL_Dream_Suite_Exterior.jpg
1655712984-1440,https://nookipedia.com/wiki/Category:Locations,Lighthouse,https://nookipedia.com/wiki/Lighthouse,Lighthouse,"The lighthouse is a structure in the player's town in Animal Crossing, Animal Crossing: City Folk, and Animal Crossing: New Leaf. It appears near the shoreline and shines a light at night.",https://dodo.ac/np/images/thumb/4/41/CF_Lighthouse.jpg/250px-CF_Lighthouse.jpg
1655713099-1480,https://nookipedia.com/wiki/Category:Locations,Animal Island,https://nookipedia.com/wiki/Animal_Island,Animal Island,"Animal Island,[1] also known simply as the island, is a resort that appears in Animal Crossing and Doubutsu no Mori e+. It is a small island inhabited by a sole inhabitant known as an islander, and also contains an empty bungalow which can be freely used by the player. Upon the first visit, the player will be asked by Kapp'n to name the island. The island will generate in one of a few different layouts, and it contains its own flag post, allowing for some degree of customization. In Animal Crossing, the island is shared by all players in town. In Doubutsu no Mori e+, each player can acquire their own personal island. The island can be named, and ""Island"" will be appended to the chosen name.",https://dodo.ac/np/images/thumb/e/e2/Animal_Island_PG_Artwork.jpg/250px-Animal_Island_PG_Artwork.jpg
1655712950-1427,https://nookipedia.com/wiki/Category:Locations,Nookway,https://nookipedia.com/wiki/Nookway,Nookway,"Nookway is the third incarnation of Tom Nook's store. It first appears in Doubutsu no Mori and appears in all subsequent games up to and including Animal Crossing: City Folk. It is a supermarket, featuring more items than its predecessor, Nook 'n' Go. It upgrades to Nookington's.",https://dodo.ac/np/images/thumb/a/aa/CF_Nookway_Exterior.png/250px-CF_Nookway_Exterior.png
1655712989-1442,https://nookipedia.com/wiki/Category:Locations,Kicks (shop),https://nookipedia.com/wiki/Kicks_(shop),Kicks (shop),"Kicks (Japanese: Shoe Shank) is a shoe store, first introduced in Animal Crossing: New Leaf and re-appearing as a pop-up shop in Animal Crossing: Pocket Camp.",https://dodo.ac/np/images/thumb/a/a3/NL_Kicks_Exterior.jpg/250px-NL_Kicks_Exterior.jpg
1655713017-1453,https://nookipedia.com/wiki/Category:Locations,Fortune Shop,https://nookipedia.com/wiki/Fortune_Shop,Fortune Shop,"The Fortune Teller Shop is a shop that appears in Animal Crossing, Animal Crossing: Wild World, Animal Crossing: City Folk, and Animal Crossing: New Leaf.  The shop is run by a panther named Katrina, who offers to read the player their fortunes, help remove bad luck, and sell good luck charms.",https://dodo.ac/np/images/9/96/NL_Fortune_Shop_Exterior.jpg
1655713003-1447,https://nookipedia.com/wiki/Category:Locations,Happy Homeroom,https://nookipedia.com/wiki/Happy_Homeroom,Happy Homeroom,"The Happy Homeroom is a location in Animal Crossing: Pocket Camp where the player can take classes that involve designing a room for a character. Each class has a villager and theme, and they are judged by Lottie, Lyle, or Digby. Starting from version 4.4.2, Lyle and Digby were replaced by Niko and Wardell.",https://dodo.ac/np/images/thumb/a/a8/PC_Happy_Homeroom.png/250px-PC_Happy_Homeroom.png
1655712912-1412,https://nookipedia.com/wiki/Category:Locations,Restaurant,https://nookipedia.com/wiki/Restaurant,Restaurant,"The restaurant is a facility that appears in Animal Crossing: Happy Home Designer and Animal Crossing: New Horizons – Happy Home Paradise. In the former game, it is situated on the lower section of Main Street which becomes accessible once the second phase of facilities are unlocked (alongside the office, second shop, and department store). In the latter game, it is located on the main island of the archipelago directly to the left of the apparel shop.",https://dodo.ac/np/images/thumb/7/70/HHD_Restaurant_1.png/250px-HHD_Restaurant_1.png
1655712890-1406,https://nookipedia.com/wiki/Category:Locations,Shampoodle,https://nookipedia.com/wiki/Shampoodle,Shampoodle,"Shampoodle is a barber shop introduced in Animal Crossing: Wild World, owned and run by Harriet the poodle. Shampoodle allows players to change their hairstyle and eye color from their initial style to a new one, determined by answering a series of questions proposed by Harriet. In Animal Crossing: City Folk and Animal Crossing: New Leaf the player can get a makeover to resemble one of their Miis by using a Mii mask. Each service offered costs 3,000 Bells and only one service can be done per day.",https://dodo.ac/np/images/thumb/8/89/CF_Shampoodle_Exterior.png/250px-CF_Shampoodle_Exterior.png
1655713058-1469,https://nookipedia.com/wiki/Category:Locations,Bus stop,https://nookipedia.com/wiki/Bus_stop,Bus stop,The bus stop is a location in Animal Crossing: City Folk that allows players to take Kapp'n's bus to and from the city.,https://dodo.ac/np/images/thumb/5/5c/CF_Bus_Stop_Town.png/250px-CF_Bus_Stop_Town.png
1655713073-1475,https://nookipedia.com/wiki/Category:Locations,Bay,https://nookipedia.com/wiki/Bay,Bay,"A bay is a geographical feature that can be found in a player's town in Animal Crossing and Animal Crossing: City Folk. Bays have the appearance of a small lake located next to the town's sea, however, there are two different types of bays, the non-beached Bay and the beached bay.",https://dodo.ac/np/images/thumb/e/ee/CF_Bay.jpg/200px-CF_Bay.jpg
1655713046-1464,https://nookipedia.com/wiki/Category:Locations,Campsite (Pocket Camp),https://nookipedia.com/wiki/Campsite_(Pocket_Camp),Campsite (Pocket Camp),The campsite is the player's own customizable area in Animal Crossing: Pocket Camp.,https://dodo.ac/np/images/thumb/7/7f/Campsite_PC_Artwork.png/250px-Campsite_PC_Artwork.png
1655713114-1482,https://nookipedia.com/wiki/Category:Locations,Able Sisters,https://nookipedia.com/wiki/Able_Sisters,Able Sisters,"The Able Sisters is a clothing shop and one of the main stores in the Animal Crossing series. It is owned and run by Sable and Mabel, and in Animal Crossing: New Leaf, the third sister, Label, works in an attachment to the shop that sells accessories and headwear. The original store was owned and run by the sisters' parents until their deaths when the business was handed over to Sable. Sable was left to look after her younger sister, Mabel. Mabel interacts with customers, while Sable creates patterns.",https://dodo.ac/np/images/thumb/c/cb/Able_Sisters_PG_Wallpaper.jpg/250px-Able_Sisters_PG_Wallpaper.jpg
1655712871-1398,https://nookipedia.com/wiki/Category:Locations,T.I.Y.,https://nookipedia.com/wiki/T.I.Y.,T.I.Y.,"T.I.Y. (formatted as T.I.Y in its logo) is a store in Animal Crossing: New Leaf owned by Timmy and Tommy. It is the fourth incarnation of the Nooklings' store, and it appears on Main Street. The store features more items than its previous incarnation, Super T&T, and it features an entrance to the Garden Shop from within the store.",https://dodo.ac/np/images/thumb/d/da/NL_T.I.Y._Exterior.jpg/250px-NL_T.I.Y._Exterior.jpg
1655713020-1454,https://nookipedia.com/wiki/Category:Locations,Farway Museum,https://nookipedia.com/wiki/Farway_Museum,Farway Museum,"The Farway Museum is a museum outside of the player's town in the Animal Crossing series. Its major appearance is in Animal Crossing and Doubutsu no Mori e+, where players have to send unidentified fossils to in order to have them identified. The sole reason for this was that Blathers, the curator of the town's museum, was not qualified to do so. In subsequent games, he was given permission to identify these fossils, removing any need for the Farway Museum. Despite this, it is still referenced in Animal Crossing: Wild World and plays a small role in Animal Crossing: New Horizons.",https://dodo.ac/np/images/thumb/e/e9/NH_Letter_Farway_Museum.jpg/250px-NH_Letter_Farway_Museum.jpg
1655712885-1404,https://nookipedia.com/wiki/Category:Locations,Shop,https://nookipedia.com/wiki/Shop,Shop,"The shop is a facility in Animal Crossing: Happy Home Designer. There are two shops, one next to the café and one next to the restaurant. The second one is part of the second group of facilities to be unlocked, along with the restaurant, office, and department store, while the first is part of the first set with the hospital and café.",https://dodo.ac/np/images/thumb/4/43/HHD_Shop_Outside.png/250px-HHD_Shop_Outside.png
1655713005-1448,https://nookipedia.com/wiki/Category:Locations,Happy Home Showcase,https://nookipedia.com/wiki/Happy_Home_Showcase,Happy Home Showcase,"The Happy Home Showcase is a plaza that appears in Animal Crossing: New Leaf, allowing players to meet and visit other players' homes after connecting through the StreetPass feature of the Nintendo 3DS. This feature is not available when
the system has parental controls on—Digby blocks the player if they try to enter.",https://dodo.ac/np/images/thumb/6/6b/NL_Happy_Home_Showcase_Gate.jpg/250px-NL_Happy_Home_Showcase_Gate.jpg
1655712976-1437,https://nookipedia.com/wiki/Category:Locations,Main Street,https://nookipedia.com/wiki/Main_Street,Main Street,"Main Street (商店街, Shōtengai?, Shopping District) is a location introduced in Animal Crossing: New Leaf. It is a shopping district located to the north of every player's town, and is accessed by going across the train crossing. Initially the street is sparsely populated, with several dilapidated buildings. As the town is improved, and after certain prerequisites are met, additional facilities will become available to the player and the background music can change. Main Street is similar in concept to the city featured in Animal Crossing: City Folk.",https://dodo.ac/np/images/thumb/5/53/AC3D-Direct2.jpg/250px-AC3D-Direct2.jpg
1655712941-1424,https://nookipedia.com/wiki/Category:Locations,OK Motors,https://nookipedia.com/wiki/OK_Motors,OK Motors,"OK Motors (OKモータース, OK Mōtāsu) is a camper customization store in Animal Crossing: Pocket Camp. Giovanni, Carlo, and Beppe, who are new to the Animal Crossing series, are three ravens that run the shop. On February 13, 2018 an arcade cabinet resembling a slot machine was added as part of the 1.2.0 Pocket Camp update. This machine sits outside of OK Motors and provides access to the Brake Tapper mini-game.",https://dodo.ac/np/images/thumb/2/21/OK_Motors_art.png/250px-OK_Motors_art.png
1655712915-1413,https://nookipedia.com/wiki/Category:Locations,Resident Services,https://nookipedia.com/wiki/Resident_Services,Resident Services,"Resident Services is a location in Animal Crossing: New Horizons, serving as the hub where the island's civic duties are conducted. The Bulletin Board and the town's Plaza are located outside. It replaces the town hall from prior games.",https://dodo.ac/np/images/thumb/9/9f/NH_Resident_Services_Building.jpg/250px-NH_Resident_Services_Building.jpg
1655712948-1426,https://nookipedia.com/wiki/Category:Locations,Observatory,https://nookipedia.com/wiki/Observatory,Observatory,"The Observatory is a room located upstairs in the museum. It is run by Celeste, the sister of Blathers. It was first introduced in Animal Crossing: Wild World and also featured in Animal Crossing: City Folk.",https://dodo.ac/np/images/thumb/1/10/CF_Observatory.jpg/250px-CF_Observatory.jpg
1655713039-1461,https://nookipedia.com/wiki/Category:Locations,Club LOL,https://nookipedia.com/wiki/Club_LOL,Club LOL,"Club LOL, stylized as Club 101, is a location on Main Street in Animal Crossing: New Leaf. It is run by Dr. Shrunk, who allows the player to learn emotions. Additionally, K.K. Slider performs on Saturday nights, and also performs as DJ KK on all other nights.",https://dodo.ac/np/images/1/19/NL_Club_LOL_Exterior_and_Location.png
1655712895-1408,https://nookipedia.com/wiki/Category:Locations,School,https://nookipedia.com/wiki/School,School,"The school is a facility that appears in Animal Crossing: Happy Home Designer and Animal Crossing: New Horizons – Happy Home Paradise. In the former game, it is situated on Main Street directly in the center-north of the main plaza. In the latter game, it is located on the main island of the Archipelago.",https://dodo.ac/np/images/thumb/b/b9/School_HHD_Artwork.png/250px-School_HHD_Artwork.png
1655712982-1439,https://nookipedia.com/wiki/Category:Locations,List of implied locations,https://nookipedia.com/wiki/List_of_implied_locations,List of implied locations,"In the Animal Crossing series, there are places that are mentioned by villagers or other characters, but cannot be seen or visited by the player.",null
1655712936-1422,https://nookipedia.com/wiki/Category:Locations,Photo Booth,https://nookipedia.com/wiki/Photo_Booth,Photo Booth,The Photo Booth is a location in Animal Crossing: New Leaf that allows the player to take or retake their Town Pass Card photo for 500 Bells.,https://dodo.ac/np/images/4/40/NL_Photo_Booth_Exterior.png
1655713015-1452,https://nookipedia.com/wiki/Category:Locations,Fountain,https://nookipedia.com/wiki/Fountain,Fountain,"The Fountain is a landmark in Animal Crossing: City Folk and Animal Crossing: New Leaf, and can be found in both the city and the town. The town's Fountain is also inhabited by Serena. After the player donates 200,000 Bells to the town fund and a bridge has been built, the player can donate an additional 400,000 Bells to the town fund. As a result, a Fountain will be built in front of the Bus Stop a week later.",https://dodo.ac/np/images/thumb/d/d5/Fountain_NL_Model.png/250px-Fountain_NL_Model.png
1655713007-1449,https://nookipedia.com/wiki/Category:Locations,Happy Home Academy,https://nookipedia.com/wiki/Happy_Home_Academy,Happy Home Academy,"The Happy Home Academy (HHA), known as the Happy Room Academy (HRA) prior to Animal Crossing: New Leaf, is a housing association in the Animal Crossing series that evaluates and scores the player's house. The house is scored based on the items placed in the players house, with certain types of items worth more than others, and some offering point bonuses. When the HHA evaluates the player's home, it sends the player a letter containing their score and advice on how to improve it; if the player reaches certain score thresholds, the HHA will send them unique items.",https://dodo.ac/np/images/thumb/4/4e/CF_Happy_Room_Academy_Exterior.png/250px-CF_Happy_Room_Academy_Exterior.png
1655712860-1393,https://nookipedia.com/wiki/Category:Locations,Tortimer Island,https://nookipedia.com/wiki/Tortimer_Island,Tortimer Island,"Tortimer Island is a tropical island south of the player's town in Animal Crossing: New Leaf. The island is accessed via a boat ride by Kapp'n from the town's dock. On the island is an interior lobby where Leilani, Leila, and Grams reside; the player can register for minigame tours, purchase exclusive items, and sell items in the lobby. Outside is a circular island where the player can catch bugs, fish, and sea creatures. The climate on the island is always summer.",https://dodo.ac/np/images/thumb/9/91/NL_Tortimer_Island_Beach.png/250px-NL_Tortimer_Island_Beach.png
1655713060-1470,https://nookipedia.com/wiki/Category:Locations,Bulletin board,https://nookipedia.com/wiki/Bulletin_board,Bulletin board,"The bulletin board is a noticeboard where messages from other players and villagers are posted; it appears in every game in the Animal Crossing series. Messages are frequently posted by villagers, proprietors and town officials promoting events in town. The player can compose and post their own custom messages, and Tom Nook will highlight this by directing the player to post an advertisement for his store on the board while working for him part-time. Messages can only contain a finite number of text characters, though New Horizons introduces the ability to draw picture messages.",https://dodo.ac/np/images/thumb/b/be/NH_Bulletin_Board.jpg/250px-NH_Bulletin_Board.jpg
1655713034-1459,https://nookipedia.com/wiki/Category:Locations,Crazy Redd's,https://nookipedia.com/wiki/Crazy_Redd%27s,Crazy Redd's,"Crazy Redd's (known as Crazy Redd's Furniture Emporium in Animal Crossing and Redd's Gallery in New Leaf) is a store run by Redd, a fox with a shifty nature. The shop contains items that can also be bought from Tom Nook in his store, but for a higher price, as well as items sold exclusively by Redd which cannot be found anywhere else.",https://dodo.ac/np/images/thumb/7/76/NL_Redd%27s_Gallery_Interior.png/250px-NL_Redd%27s_Gallery_Interior.png
1655713076-1476,https://nookipedia.com/wiki/Category:Locations,Auction house,https://nookipedia.com/wiki/Auction_house,Auction house,The auction house is a building in the city in Animal Crossing: City Folk run by Lloid that allows players to sell items to friends visiting over Wi-Fi or to other human residents in town. It is the only building in the city open for business all day.,https://dodo.ac/np/images/thumb/f/fd/CF_Auction_House_Exterior.png/250px-CF_Auction_House_Exterior.png
1655712954-1429,https://nookipedia.com/wiki/Category:Locations,Nookington's,https://nookipedia.com/wiki/Nookington%27s,Nookington's,"Nookington's is the fourth and final incarnation of Tom Nook's store. It first appears in Doubutsu no Mori and appears in all subsequent games up to and including Animal Crossing: City Folk. It is a multi-story department store, featuring more items than its predecessor, Nookway. This store introduces Timmy and Tommy, who work on the second floor. The first floor of Nookington's sells miscellaneous items, while the second floor sells housewares.",https://dodo.ac/np/images/thumb/7/7d/CF_Nookington%27s_Exterior.png/250px-CF_Nookington%27s_Exterior.png
1655713001-1446,https://nookipedia.com/wiki/Category:Locations,Harv's Island,https://nookipedia.com/wiki/Harv%27s_Island,Harv's Island,"Harv's Island is a location in Animal Crossing: New Horizons where Harvey lives. On this island is Photopia, a building where the player is able to set up shots and take photos with characters.",https://dodo.ac/np/images/thumb/a/af/NH_Harv%27s_Island.jpg/250px-NH_Harv%27s_Island.jpg
1655712952-1428,https://nookipedia.com/wiki/Category:Locations,Nookling Junction,https://nookipedia.com/wiki/Nookling_Junction,Nookling Junction,"The Nookling Junction is a store in Animal Crossing: New Leaf owned by Timmy and Tommy. It is the first incarnation of the Nooklings' store, and it appears on Main Street. The Nookling Junction is similar in appearance to Nook's Cranny from Animal Crossing, Wild World, and City Folk.",https://dodo.ac/np/images/4/44/NL_Nookling_Junction_Exterior.png
1655713097-1479,https://nookipedia.com/wiki/Category:Locations,Apparel shop,https://nookipedia.com/wiki/Apparel_shop,Apparel shop,"The apparel shop is a facility in Animal Crossing: New Horizons – Happy Home Paradise located on the main island of the archipelago. The shop can be built after completing 30 vacation homes for Paradise Planning, and can be given a custom name if the player so desires. The building for the shop is situated in the very north-east corner of the island, to the right of the Restaurant. Before being constructed, it is simply a undecorated vacant building and the door is locked.",https://dodo.ac/np/images/thumb/f/f5/HHP_Promo_63.jpg/250px-HHP_Promo_63.jpg
1655713053-1467,https://nookipedia.com/wiki/Category:Locations,Café,https://nookipedia.com/wiki/Caf%C3%A9,Café,"The café is a facility in Animal Crossing: Happy Home Designer and Animal Crossing: New Horizons – Happy Home Paradise. In the former game, it is situated on Main Street to the right of the school. In the latter game, it is located on the main island of the archipelago.",https://dodo.ac/np/images/thumb/0/01/HHD_Caf%C3%A9_Unopened.jpg/250px-HHD_Caf%C3%A9_Unopened.jpg
1655712883-1403,https://nookipedia.com/wiki/Category:Locations,Shovelstrike Quarry,https://nookipedia.com/wiki/Shovelstrike_Quarry,Shovelstrike Quarry,"Shovelstrike Quarry is a location in Animal Crossing: Pocket Camp hosted by Lloid. The player can use a shovel to mine rocks to collect ore, which includes gold nugget, silver nugget, ruby, and sapphire. Lloid will give the player Bells and possibly an extra reward of a certain type of crafting material.",https://dodo.ac/np/images/thumb/1/1e/Shovelstrike_Quarry_PC_Map_Icon.png/250px-Shovelstrike_Quarry_PC_Map_Icon.png
1655712956-1430,https://nookipedia.com/wiki/Category:Locations,Nook's Homes,https://nookipedia.com/wiki/Nook%27s_Homes,Nook's Homes,"Nook's Homes[nb 3] is a real estate facility in Animal Crossing: New Leaf and Animal Crossing: Happy Home Designer. It is run by Tom Nook, who allows the player to expand their home and customize the exterior of it, and speak with Happy Home Academy representative Lyle to receive a detailed assessment of the home. Together, their services assist the player in the external, internal, and structural aspects of the home.",https://dodo.ac/np/images/thumb/6/64/Nook%27s_Homes_HHD_Artwork.png/250px-Nook%27s_Homes_HHD_Artwork.png
1655712924-1417,https://nookipedia.com/wiki/Category:Locations,Pond,https://nookipedia.com/wiki/Pond,Pond,"The pond, also called a holding pond, is the smallest body of water in a Animal Crossing series town. It is the small patch of water that would probably fit inside a six-by-six sized room in the player's house. Prior to Animal Crossing: New Horizons, there are usually two ponds in every town, with some towns having more depending on the layout, and some towns having only one. The fish are small and not worth much, but they are exclusive to ponds. Only two bugs are found in ponds; the pondskater and diving beetle. No fish will appear in ponds during winter, but trash can still be caught in Animal Crossing: New Leaf.",https://dodo.ac/np/images/thumb/9/9f/CF_Pond.jpg/200px-CF_Pond.jpg
1655713041-1462,https://nookipedia.com/wiki/Category:Locations,City,https://nookipedia.com/wiki/City,City,"The city is a location in Animal Crossing: City Folk that can be visited by riding the bus from town. Only a central plaza area can be explored in City Folk, housing merchants and services, a theatre, and with access to the Resetti Surveillance Center. Random villagers from out of town, possibly inhabitants of the city, can be seen wandering the plaza and browsing the shops. The villagers that can be seen in the plaza will change every time a building is entered and exited by the player. Precipitation in the city affects the town, even if the weather is different there. For example, flowers in the town will be hydrated by rain in the city, and Gyroids can be found buried underground the next day.",https://dodo.ac/np/images/thumb/a/a8/City_CF_Artwork.jpg/250px-City_CF_Artwork.jpg
1655713012-1451,https://nookipedia.com/wiki/Category:Locations,Garden Shop,https://nookipedia.com/wiki/Garden_Shop,Garden Shop,"The Garden Shop, also known as the gardening shop, is a store in Animal Crossing: New Leaf owned by Leif that sells gardening-related items. It is located on Main Street, directly to the right of Timmy and Tommy's store. Items sold at the Garden Shop include flower bags, saplings, axes, and watering cans, among others.",https://dodo.ac/np/images/3/3f/NL_Garden_Shop_Exterior.png
1655713049-1465,https://nookipedia.com/wiki/Category:Locations,Campsite (facility),https://nookipedia.com/wiki/Campsite_(facility),Campsite (facility),"The campsite is a facility available for construction in Animal Crossing: New Leaf and Animal Crossing: New Horizons. In New Leaf, it is a public works project that costs 59,800 Bells to construct, and it cannot be demolished. In New Horizons the campsite can be crafted and placed anywhere on the island. In both games, a villager can occupy the campsite on random days, and if space is available, they can be invited to move in. The campsite is only available for use by non-resident villagers, and allows a variety of special villager interactions with the camping villager known as minigames.",https://dodo.ac/np/images/thumb/1/18/NH_Campsite_Exterior.png/250px-NH_Campsite_Exterior.png
1655712864-1395,https://nookipedia.com/wiki/Category:Locations,Timmy and Tommy's store,https://nookipedia.com/wiki/Timmy_and_Tommy%27s_store,Timmy and Tommy's store,"Timmy and Tommy's store is the main shop in most of the player's town in Animal Crossing: New Leaf and Animal Crossing: New Horizons. In addition to buying items, the player may sell furniture, wallpaper, and fruit to the store. Many of the store upgrades are similar to Tom Nook's upgrades, but the signs generally show two leaves instead of one to signify the dual ownership of the store.",https://dodo.ac/np/images/4/44/NL_Nookling_Junction_Exterior.png
1655712962-1432,https://nookipedia.com/wiki/Category:Locations,Nook 'n' Go,https://nookipedia.com/wiki/Nook_%27n%27_Go,Nook 'n' Go,"Nook 'n' Go is the second incarnation of Tom Nook's store. It first appears in Doubutsu no Mori and appears in all subsequent games up to and including Animal Crossing: City Folk. It is a convenience store, featuring more items than its predecessor, Nook's Cranny. It upgrades to Nookway.",https://dodo.ac/np/images/thumb/5/59/CF_Nook_%27n%27_Go_Exterior.png/250px-CF_Nook_%27n%27_Go_Exterior.png
1655712869-1397,https://nookipedia.com/wiki/Category:Locations,The Marquee,https://nookipedia.com/wiki/The_Marquee,The Marquee,"The Marquee is a building in the city in Animal Crossing: City Folk. For 800 Bells, the player can go and see Dr. Shrunk for a show to learn new emotions. This is a change from Animal Crossing: Wild World, in which Dr. Shrunk taught the player emotions in their town.",https://dodo.ac/np/images/thumb/3/33/CF_Marquee_Exterior.png/200px-CF_Marquee_Exterior.png
1655713009-1450,https://nookipedia.com/wiki/Category:Locations,GracieGrace,https://nookipedia.com/wiki/GracieGrace,GracieGrace,"GracieGrace is an upscale clothing and furniture store owned by Gracie in Animal Crossing: City Folk and Animal Crossing: New Leaf. It is operated by Labelle in City Folk and Gracie in New Leaf, and it offers exclusive clothing and furniture series.",https://dodo.ac/np/images/thumb/d/d2/NL_GracieGrace_Interior.jpg/250px-NL_GracieGrace_Interior.jpg
1655712867-1396,https://nookipedia.com/wiki/Category:Locations,The Roost,https://nookipedia.com/wiki/The_Roost,The Roost,"The Roost is a café that first appears in Animal Crossing: Wild World. In Wild World, City Folk, and New Horizons, it is located in the museum, while in New Leaf, it is a separate building available as a public works project.",https://dodo.ac/np/images/thumb/b/b8/NH_The_Roost_Interior.jpg/250px-NH_The_Roost_Interior.jpg
1655713055-1468,https://nookipedia.com/wiki/Category:Locations,Cabin,https://nookipedia.com/wiki/Cabin,Cabin,"The cabin is a location in Animal Crossing: Pocket Camp that the player can customize, similar to the player's house in main series games. After the player achieves a high enough friendship level with a villager, they can be invited to stay in the cabin, where they will interact with the items displayed. The cabin is unlocked at level 15 and a second floor is unlocked at level 50. The second floor is identical to the first floor.",https://dodo.ac/np/images/thumb/0/02/PC_Cabin.png/250px-PC_Cabin.png
1655712841-1385,https://nookipedia.com/wiki/Category:Locations,Windmill,https://nookipedia.com/wiki/Windmill,Windmill,The windmill is a decorative structure in the player's town in Animal Crossing: City Folk and Animal Crossing: New Leaf.,https://dodo.ac/np/images/thumb/0/07/Windmill_NL_Model.png/250px-Windmill_NL_Model.png
1655713036-1460,https://nookipedia.com/wiki/Category:Locations,Concert hall,https://nookipedia.com/wiki/Concert_hall,Concert hall,"The concert hall is a facility in Animal Crossing: Happy Home Designer. It is the second-last facility that the player will be asked to design. After designing it, they will be able to access the final facility: the hotel.",https://dodo.ac/np/images/thumb/2/25/HHD_Concert_Hall_Design_1.png/250px-HHD_Concert_Hall_Design_1.png
1655712929-1419,https://nookipedia.com/wiki/Category:Locations,Plaza,https://nookipedia.com/wiki/Plaza,Plaza,"The plaza, known as the event plaza in New Leaf, is a location in Animal Crossing: New Leaf and Animal Crossing: New Horizons, and serves as a communal hub of the town. During certain events and holidays and random visits, special characters can be found in the Plaza.",https://dodo.ac/np/images/thumb/8/8e/NH_Island_Celebration.jpg/250px-NH_Island_Celebration.jpg
1655712971-1436,https://nookipedia.com/wiki/Category:Locations,Market Place,https://nookipedia.com/wiki/Market_Place,Market Place,"The Market Place is a shopping plaza in Animal Crossing: Pocket Camp. There are three shops, each situated in a unique pop-up shop: Nookling Global, Able Sisters To Go, and Kicks. Isabelle also has a stand at the plaza that serves as a satellite office for the campsite.",https://dodo.ac/np/images/thumb/3/32/Market_Place_art.png/250px-Market_Place_art.png
1655712887-1405,https://nookipedia.com/wiki/Category:Locations,Shining soil,https://nookipedia.com/wiki/Shining_soil,Shining soil,"The shining soil,[1] known as the shining spot in Animal Crossing,[2] is a patch of ground in the Animal Crossing series that appears daily in the player's town. When dug up, it reveals a bag of Bells. Bells can also be buried in shining soil for the chance of growing a money tree. Shining soil first appeared in Doubutsu no Mori, and after Doubutsu no Mori e+ it remained absent from the series until Animal Crossing: New Horizons.",https://dodo.ac/np/images/2/22/PG_Shining_Spot_Before.png
1655712919-1415,https://nookipedia.com/wiki/Category:Locations,Re-Tail,https://nookipedia.com/wiki/Re-Tail,Re-Tail,"Re-Tail (R・パーカーズ, R·Pākāzu, R. Parkers) is a store in Animal Crossing: New Leaf and is one of the initial stores appearing in the game. Unlike most the stores which are located on Main Street, Re-Tail is located within the town. It is a flea-market run by Reese and Cyrus. Players and Villagers can place their items for sale within the flea-market spaces, Reese will buy or dispose of items from the player, and Cyrus can craft customized furniture. The flea-market makes Re-Tail one of the few places where the rare Sloppy Series can be obtained.",https://dodo.ac/np/images/b/bf/NL_Re-Tail_Exterior.png
1655713022-1455,https://nookipedia.com/wiki/Category:Locations,Facility,https://nookipedia.com/wiki/Facility,Facility,Facilities are buildings that the player can design and build in Animal Crossing: Happy Home Designer and Animal Crossing: New Horizons – Happy Home Paradise.,null
1655713024-1456,https://nookipedia.com/wiki/Category:Locations,Dump,https://nookipedia.com/wiki/Dump,Dump,"The dump is a location in Doubutsu no Mori, Animal Crossing, and Doubutsu no Mori e+ where the player can drop off or find items. It can be found in either Acre A-2 or A-4 and is accessible all day. Two reorderable items (with the exception of items available from Redd or the lottery) appear each day in the dump, with a 20% chance of an item being furniture, a 40% chance of clothing, a 30% chance of stationery, and a 10% of an umbrella. The items found at the dump are affected by Feng Shui, meaning the higher the player's Feng Shui, the more often items from their rare item list appear. Items in the dump are removed each Monday and Thursday at 6 AM. In Doubutsu no Mori e+, trash placed in the dump does not impact the town's Field Rank.",https://dodo.ac/np/images/thumb/f/f4/PG_Dump.png/250px-PG_Dump.png
1655712987-1441,https://nookipedia.com/wiki/Category:Locations,Lake,https://nookipedia.com/wiki/Lake,Lake,"The lake a large area filled with water sourced by the river that runs through town in Doubutsu no Mori, Animal Crossing, and Doubutsu no Mori e+. It is a prominent location in the town, serving as the site of several events throughout the year.",https://dodo.ac/np/images/thumb/f/f4/PG_Lake.png/250px-PG_Lake.png
1655712876-1400,https://nookipedia.com/wiki/Category:Locations,T&T Emporium,https://nookipedia.com/wiki/T%26T_Emporium,T&T Emporium,"T&T Emporium is a store in Animal Crossing: New Leaf owned by Timmy and Tommy. It is the fifth and final incarnation of the Nooklings' store, and it appears on Main Street. It is a three-story department store that features GracieGrace, has the Garden Shop completely merged into the store, and features a larger selection of items than the previous incarnations. The first floor features miscellaneous items and the Garden Shop, now known as the gardening corner, the second floor features housewares, and the third floor contains GracieGrace.",https://dodo.ac/np/images/thumb/4/49/NL_T%26T_Emporium_Exterior.jpg/250px-NL_T%26T_Emporium_Exterior.jpg
1655712857-1392,https://nookipedia.com/wiki/Category:Locations,Tortimer Island (stage),https://nookipedia.com/wiki/Tortimer_Island_(stage),Tortimer Island (stage),"Tortimer Island is a stage in the Super Smash Bros. series based on the island of the same name from Animal Crossing: New Leaf. It debuted in Super Smash Bros. for Nintendo 3DS. The stage's appearance is randomized each match, which affects its layout and the inclusion of some features. Mii Gunner has to be fought on this stage when unlocking them outside of World of Light in Ultimate.",https://dodo.ac/np/images/thumb/d/d2/SSBU_Tortimer_Island.png/250px-SSBU_Tortimer_Island.png
1655712966-1434,https://nookipedia.com/wiki/Category:Locations,Museum Shop,https://nookipedia.com/wiki/Museum_Shop,Museum Shop,"The Museum Shop is a location in Animal Crossing: New Leaf, located on the second floor of the museum, run by Celeste, Blathers's sister.",https://dodo.ac/np/images/thumb/0/0b/NL_Museum_Shop_Entrance.jpg/250px-NL_Museum_Shop_Entrance.jpg
1655713094-1478,https://nookipedia.com/wiki/Category:Locations,Archipelago,https://nookipedia.com/wiki/Archipelago,Archipelago,"In Animal Crossing: New Horizons – Happy Home Paradise, the player primarily develops with Paradise Planning on an archipelago, a series of islands that feature various geographic features and seasonal differences. Each island also includes a peak season that is the default setting of each island when selected. The player can choose to change what season the island are set under.",null
1655712878-1401,https://nookipedia.com/wiki/Category:Locations,Super T&T,https://nookipedia.com/wiki/Super_T%26T,Super T&T,"Super T&T is a store in Animal Crossing: New Leaf owned by Timmy and Tommy. It is the third incarnation of the Nooklings' store, and it appears on Main Street. Super T&T is similar in appearance to Nookway from Animal Crossing, Wild World, and City Folk. The store features more items than its previous incarnation, T&T Mart, while featuring shorter hours.",https://dodo.ac/np/images/7/7b/NL_Super_T%26T_Exterior.png
1655713065-1472,https://nookipedia.com/wiki/Category:Locations,Breezy Hollow,https://nookipedia.com/wiki/Breezy_Hollow,Breezy Hollow,"Breezy Hollow is one of the four locations in Animal Crossing: Pocket Camp where collectible items can be found to give to villagers in exchange for craft materials. Peaches, cherries, pears, apples and oranges can be found growing here. In the bottom left, however, the player can find either lemons, grapes, or lychee, which are randomly generated when the player starts the game. Once generated, it cannot be changed.",https://dodo.ac/np/images/thumb/e/ef/Breezy_Hollow_PC_Map_Icon.png/250px-Breezy_Hollow_PC_Map_Icon.png
1655712848-1388,https://nookipedia.com/wiki/Category:Locations,Train station,https://nookipedia.com/wiki/Train_station,Train station,"The train station (also referred to as <Town> Station in New Leaf) is a location in Doubutsu no Mori, Animal Crossing, Doubutsu no Mori e+, and Animal Crossing: New Leaf where the player may travel via train. It is run by Porter. In Animal Crossing: Wild World and Animal Crossing: City Folk, the train station is replaced by the checkpoint, and in Animal Crossing: New Horizons it is replaced by the Airport.",https://dodo.ac/np/images/thumb/8/8e/NL_Train_Station_Exterior.jpg/250px-NL_Train_Station_Exterior.jpg
1655712855-1391,https://nookipedia.com/wiki/Category:Locations,Town,https://nookipedia.com/wiki/Town,Town,"The town or village (island in New Horizons) is the primary setting of all main games in the Animal Crossing series, home to villagers of various species, and special characters who manage the town's facilities. Each town is randomly generated and populated at the beginning of each game when the first player moves to the town. Although the position of many structures are fixed, the town can be customized to a great degree by planting or removing flora, placing designs, placing furniture, (in New Horizons) and constructing objects and public works projects (in Doubutsu no Mori e+ and New Leaf respectively). Every town is divided into multiple acres, the landscape of which must be carefully maintained in order to achieve a perfect town environment rating.",null
1655712927-1418,https://nookipedia.com/wiki/Category:Locations,Police station,https://nookipedia.com/wiki/Police_station,Police station,"The police station is a building in Animal Crossing and Animal Crossing: New Leaf. It is operated by Copper and Booker and contains the lost and found. In Animal Crossing, the police station always available, while in New Leaf it is a public works project. In Wild World and City Folk, the police station is functionally replaced by the checkpoint.",https://dodo.ac/np/images/thumb/3/3b/Police_Station_PG_Wallpaper.jpg/250px-Police_Station_PG_Wallpaper.jpg
1655712933-1421,https://nookipedia.com/wiki/Category:Locations,Pier,https://nookipedia.com/wiki/Pier,Pier,"The pier, known as the dock prior to Animal Crossing: New Horizons, is a structure located at the beach in the Animal Crossing series.",https://dodo.ac/np/images/thumb/2/25/NL_Dock.png/250px-NL_Dock.png
1655712843-1386,https://nookipedia.com/wiki/Category:Locations,Waterfall,https://nookipedia.com/wiki/Waterfall,Waterfall,"A Waterfall has water falling from the northern cliff. In Animal Crossing, Animal Crossing: City Folk, and Animal Crossing: New Leaf, it is possible to have another waterfall elsewhere in the town. It will appear when the river meets the cliff in the center of town. The north waterfall is accompanied by the waterfall pond. Players cannot fish in the waterfall, but the waterfall pond is the only place that they can catch a char. In Animal Crossing: Wild World, there's sometimes a small rock jutting out of the waterfall's center. It does not serve any purpose and is there only for decoration. It was removed in Animal Crossing: City Folk.",https://dodo.ac/np/images/thumb/4/42/CF_Waterfall.jpg/200px-CF_Waterfall.jpg
1655712909-1411,https://nookipedia.com/wiki/Category:Locations,River,https://nookipedia.com/wiki/River,River,"A river is a body of water in the Animal Crossing series that begins on one side of the town or island and empties into the sea at the other side. Some towns and islands have a river that splits in two, creating an islet. A bridge can be used to cross rivers easily, and in Animal Crossing: New Horizons, the vaulting pole can be used to cross rivers before the player receives access to construct bridges. Some species of fish can be caught in the river with a Fishing Rod.",https://dodo.ac/np/images/thumb/d/d1/CF_River.jpg/250px-CF_River.jpg
1655712852-1390,https://nookipedia.com/wiki/Category:Locations,Town hall,https://nookipedia.com/wiki/Town_hall,Town hall,"The town hall is a location in Animal Crossing: Wild World, Animal Crossing: City Folk, and Animal Crossing: New Leaf, serving as the building where most of the town's civic duties are carried out.",https://dodo.ac/np/images/thumb/d/d1/NL_Town_Hall_Exterior.jpg/250px-NL_Town_Hall_Exterior.jpg
1655713043-1463,https://nookipedia.com/wiki/Category:Locations,Checkpoint,https://nookipedia.com/wiki/Checkpoint,Checkpoint,"The checkpoint is a building in Animal Crossing: Wild World and Animal Crossing: City Folk which allows the players to visit other people's town, similar to the train station from Animal Crossing. The building replaces both the train station and the police station from the original Animal Crossing, since both Booker and Copper are guards at the checkpoint's gate. Also, outside the checkpoint there is the town flag that the player can change by talking to Booker and giving him a pattern from their designs menu.",https://dodo.ac/np/images/thumb/9/90/CF_Checkpoint_Exterior_%28Castle%29.jpg/250px-CF_Checkpoint_Exterior_%28Castle%29.jpg
1655712873-1399,https://nookipedia.com/wiki/Category:Locations,T&T Mart,https://nookipedia.com/wiki/T%26T_Mart,T&T Mart,"T&T Mart is a store in Animal Crossing: New Leaf owned by Timmy and Tommy. It is the second incarnation of the Nooklings' store, and it appears on Main Street. T&T Mart is similar in appearance to Nook 'n' Go from Animal Crossing, Wild World, and City Folk. The store features more items than its previous incarnation, the Nookling Junction, and features the Timmy & Tommy shopping catalog, where the player can view and purchase previously obtained items.",https://dodo.ac/np/images/7/71/NL_T%26T_Mart_Exterior.png
1655713067-1473,https://nookipedia.com/wiki/Category:Locations,Boondox,https://nookipedia.com/wiki/Boondox,Boondox,"Boondox is a town located to the north of the player's town[1] in Animal Crossing: Wild World. The name Boondox comes from the word boondocks, which means an uncivilized, poor area. Pelly or Phyllis will first inform the player of the town when they first ask to make a donation. Both pelicans cry when telling a player of Boondox. According to them, Boondoxians just eat grilled cheese, but since there is no cheese or bread, they are forced to eat fried dirt, ""without ketchup!"" However, this may just be an exaggeration, as one of the letters sent to the player claims that Boondoxians usually eat day-old croissants.",https://dodo.ac/np/images/f/fa/WW_Boondox_Introduction.png
1655713051-1466,https://nookipedia.com/wiki/Category:Locations,Campground,https://nookipedia.com/wiki/Campground,Campground,"The campground is an area in Animal Crossing: New Leaf - Welcome amiibo. It is an area where the player can find any amiibo-exclusive villagers (who appear in an RV) after their respective card was scanned. A character known as Harvey hosts the location, and the player may buy rare furniture items from him or from the camping villagers by using MEOW Coupons. Every day, one special character camps here and the player can buy items from their events; for example, the player can obtain items from the Pavé Series if Pavé is staying in the campground.",https://dodo.ac/np/images/thumb/d/d0/Campground_NLWa_Artwork.png/250px-Campground_NLWa_Artwork.png
1655713063-1471,https://nookipedia.com/wiki/Category:Locations,Bridge,https://nookipedia.com/wiki/Bridge,Bridge,"Bridges are structured landmarks that cross over the river splitting the player's town. Bridge's locations are typically fixed, and prior to Animal Crossing: New Horizons, bridges were the only way to cross rivers. As a result, their exact positioning is often important to a town's layout. In all games excluding Animal Crossing: Wild World, additional bridges may be constructed to ease navigation around town. Players and villagers can fish into the river from a bridge.",null
1655713071-1474,https://nookipedia.com/wiki/Category:Locations,Boat tour,https://nookipedia.com/wiki/Boat_tour,Boat tour,"Boat tours are a service provided by Kapp'n in Animal Crossing: New Horizons beginning in version 2.0. Once per day, the player can pay  1,000 Nook Miles to Kapp'n at the island's pier to travel to a random deserted island, similar to a Mystery Island Tour. Each boat tour island has one Gyroid Fragment buried on it. Uncommonly, islands may have money trees or money rocks on them.",null
1655712898-1409,https://nookipedia.com/wiki/Category:Locations,Saltwater Shores,https://nookipedia.com/wiki/Saltwater_Shores,Saltwater Shores,"Saltwater Shores is one of the four locations in Animal Crossing: Pocket Camp where collectible items can be found to trade to villagers in exchange for craft materials. Sea fish are the primary items found here, but the player can also obtain shells, coral and coconuts.",https://dodo.ac/np/images/thumb/8/8d/Saltwater_Shores_PC_Map_Icon.png/250px-Saltwater_Shores_PC_Map_Icon.png
1655712946-1425,https://nookipedia.com/wiki/Category:Locations,Office,https://nookipedia.com/wiki/Office,Office,"The office is a facility in Animal Crossing: Happy Home Designer. It is part of the second group of facilities to be unlocked, along with the restaurant, shop, and department store. Inside, there are two large rooms: the office area itself, and a meeting room.",https://dodo.ac/np/images/thumb/1/1b/HHD_Office_Design_1.png/250px-HHD_Office_Design_1.png
1655712998-1445,https://nookipedia.com/wiki/Category:Locations,Hospital,https://nookipedia.com/wiki/Hospital,Hospital,"The hospital is a facility that appears in Animal Crossing: Happy Home Designer and Animal Crossing: New Horizons – Happy Home Paradise. In the former game, it is situated on Main Street directly to the right of Nook's Homes. In the latter game, it is located on the main island of the Archipelago.",https://dodo.ac/np/images/thumb/2/2a/Hospital_HHD_Artwork.png/250px-Hospital_HHD_Artwork.png
1655712922-1416,https://nookipedia.com/wiki/Category:Locations,Post office,https://nookipedia.com/wiki/Post_office,Post office,"The post office is a building in Animal Crossing and Animal Crossing: New Leaf where the player can mail letters or save and withdraw Bells. In Animal Crossing: Wild World and Animal Crossing: City Folk, the post office is merged into the Town Hall, but in Animal Crossing: New Leaf, the post office is again a separate building.",https://dodo.ac/np/images/d/d5/NL_Post_Office_Exterior.png
1655712964-1433,https://nookipedia.com/wiki/Category:Locations,Mystery Island Tour,https://nookipedia.com/wiki/Mystery_Island_Tour,Mystery Island Tour,"The Mystery Island Tour is a leisure activity in Animal Crossing: New Horizons operated by Dodo Airlines. The tour can be embarked on in exchange for a Nook Miles Ticket by speaking to Orville at the airport. Each tour brings the participant to a random deserted island, known as a Mystery Island, where they can harvest materials for crafting and catch rare bugs and fish. They also may find fossils, DIY recipes inside Message Bottles, and villagers on rare occasions.",null
1655712959-1431,https://nookipedia.com/wiki/Category:Locations,Nook's Cranny,https://nookipedia.com/wiki/Nook%27s_Cranny,Nook's Cranny,"Nook's Cranny (タヌキ商店, Tanuki Shōten?, Tanuki Shop) is the first incarnation of Tom Nook's store in Animal Crossing series games prior to Animal Crossing: New Leaf, and is the name of both incarnations of Timmy and Tommy's store in Animal Crossing: New Horizons. ""Nook's Cranny"" is based on ""nook and cranny,"" meaning a small corner or hole.",https://dodo.ac/np/images/thumb/4/48/NH_Nook%27s_Cranny_Upgraded_Exterior.jpg/250px-NH_Nook%27s_Cranny_Upgraded_Exterior.jpg
